City_ID,City,Country,Date,Lat,Lng,Max Temp,Humidity,Cloudiness,Wind Speed,Description
0,Mount Gambier,AU,2021-05-25 20:55:23,-37.8333,140.7667,48.11,81,75,13.8,broken clouds
1,Khatanga,RU,2021-05-25 20:55:24,71.9667,102.5,30.81,97,100,6.76,overcast clouds
2,New Norfolk,AU,2021-05-25 20:55:24,-42.7826,147.0587,49.75,72,47,1.01,light rain
3,Boende,CD,2021-05-25 20:55:24,-0.2167,20.8667,78.58,68,100,2.71,overcast clouds
4,Evensk,RU,2021-05-25 20:55:25,61.95,159.2333,37.6,95,100,22.19,overcast clouds
5,Coihaique,CL,2021-05-25 20:55:25,-45.5752,-72.0662,43.41,65,90,3.44,moderate rain
6,Kapaa,US,2021-05-25 20:55:25,22.0752,-159.319,83.12,66,10,1.99,clear sky
7,Busselton,AU,2021-05-25 20:55:26,-33.65,115.3333,45.05,76,100,8.63,overcast clouds
8,Hilo,US,2021-05-25 20:51:35,19.7297,-155.09,81.81,77,75,12.66,broken clouds
9,Vardo,NO,2021-05-25 20:55:26,70.3705,31.1107,37.15,80,75,4.61,broken clouds
10,Geraldton,AU,2021-05-25 20:55:26,-28.7667,114.6,50.13,87,58,15.73,broken clouds
11,Antofagasta,CL,2021-05-25 20:55:27,-23.65,-70.4,69.22,58,88,6.64,overcast clouds
12,Tuktoyaktuk,CA,2021-05-25 20:55:27,69.4541,-133.0374,30.2,86,90,10.36,overcast clouds
13,Tiksi,RU,2021-05-25 20:53:32,71.6872,128.8694,31.86,84,35,1.48,scattered clouds
14,Rikitea,PF,2021-05-25 20:51:17,-23.1203,-134.9692,76.55,80,58,9.91,light rain
15,Pangnirtung,CA,2021-05-25 20:55:28,66.1451,-65.7125,32.0,69,90,13.8,light snow
16,Hobart,AU,2021-05-25 20:55:28,-42.8794,147.3294,50.11,81,49,3.0,light rain
17,Ushuaia,AR,2021-05-25 20:52:19,-54.8,-68.3,31.66,86,75,21.85,light snow
18,Hermanus,ZA,2021-05-25 20:55:28,-34.4187,19.2345,57.9,75,78,7.99,broken clouds
19,Avarua,CK,2021-05-25 20:53:05,-21.2078,-159.775,82.45,83,75,8.05,broken clouds
20,Atuona,PF,2021-05-25 20:55:29,-9.8,-139.0333,80.37,60,34,15.3,scattered clouds
21,Shache,CN,2021-05-25 20:55:29,38.4167,77.2406,66.54,18,78,4.72,broken clouds
22,Yellowknife,CA,2021-05-25 20:55:29,62.456,-114.3525,45.32,45,20,9.22,few clouds
23,Aktash,RU,2021-05-25 20:55:30,50.3,87.7333,43.21,73,88,6.2,overcast clouds
24,Hithadhoo,MV,2021-05-25 20:55:30,-0.6,73.0833,84.34,67,100,20.0,overcast clouds
25,Barrow,US,2021-05-25 20:55:30,71.2906,-156.7887,28.83,87,100,5.19,overcast clouds
26,Qaanaaq,GL,2021-05-25 20:55:31,77.484,-69.3632,32.95,77,0,5.01,clear sky
27,Sarkand,KZ,2021-05-25 20:55:31,45.41,79.9186,64.56,38,0,6.26,clear sky
28,Kyaikkami,MM,2021-05-25 20:55:31,16.08,97.5675,79.83,86,100,10.31,overcast clouds
29,Albany,US,2021-05-25 20:55:08,42.6001,-73.9662,82.31,56,98,8.08,overcast clouds
30,Cabo San Lucas,MX,2021-05-25 20:52:01,22.8909,-109.9124,97.52,37,20,4.61,few clouds
31,Bolobo,CD,2021-05-25 20:55:32,-2.1667,16.2333,75.18,79,86,3.42,overcast clouds
32,Karpushikha,RU,2021-05-25 20:55:32,57.5017,59.8956,53.91,89,100,0.92,overcast clouds
33,Victoria,HK,2021-05-25 20:51:43,22.2855,114.1577,85.32,90,86,1.01,overcast clouds
34,Thompson,CA,2021-05-25 20:55:33,55.7435,-97.8558,28.56,80,90,16.11,overcast clouds
35,Carnarvon,AU,2021-05-25 20:52:59,-24.8667,113.6333,50.07,76,87,10.36,overcast clouds
36,Saint-Philippe,RE,2021-05-25 20:55:33,-21.3585,55.7679,71.15,85,50,8.68,light rain
37,Hambantota,LK,2021-05-25 20:55:34,6.1241,81.1185,80.69,76,98,22.17,overcast clouds
38,Sorong,ID,2021-05-25 20:55:34,-0.8833,131.25,77.16,89,100,15.75,overcast clouds
39,Stillwater,US,2021-05-25 20:51:27,36.1156,-97.0584,81.01,79,20,5.01,few clouds
40,Grindavik,IS,2021-05-25 20:55:34,63.8424,-22.4338,49.95,76,75,26.69,broken clouds
41,Manokwari,ID,2021-05-25 20:55:35,-0.8667,134.0833,76.33,93,100,6.87,overcast clouds
42,Mataura,NZ,2021-05-25 20:53:16,-46.1927,168.8643,33.89,66,87,3.13,overcast clouds
43,Vaini,TO,2021-05-25 20:55:35,-21.2,-175.2,68.16,94,90,5.75,light rain
44,Punta Alta,AR,2021-05-25 20:55:36,-38.8759,-62.0736,51.82,43,20,5.57,few clouds
45,Avera,US,2021-05-25 20:54:28,33.194,-82.5271,95.72,28,59,6.98,broken clouds
46,Puerto Ayora,EC,2021-05-25 20:55:36,-0.7393,-90.3518,85.96,89,36,8.99,scattered clouds
47,Sioux Lookout,CA,2021-05-25 20:53:00,50.1001,-91.917,75.27,35,40,14.97,scattered clouds
48,Cidreira,BR,2021-05-25 20:55:37,-30.1811,-50.2056,60.21,61,0,9.78,clear sky
49,Kavieng,PG,2021-05-25 20:55:37,-2.5744,150.7967,78.19,88,100,8.34,light rain
50,Klaksvik,FO,2021-05-25 20:55:37,62.2266,-6.589,49.12,92,95,16.82,overcast clouds
51,Koprivnica,HR,2021-05-25 20:55:38,46.1628,16.8275,48.29,88,100,5.41,overcast clouds
52,Jamestown,US,2021-05-25 20:51:09,42.097,-79.2353,83.52,52,90,3.0,overcast clouds
53,Cape Town,ZA,2021-05-25 20:52:34,-33.9258,18.4232,58.12,81,0,5.23,clear sky
54,Faya,SA,2021-05-25 20:55:38,18.3851,42.4509,69.91,42,56,1.19,broken clouds
55,Moron,AR,2021-05-25 20:55:38,-34.6534,-58.6198,62.29,49,0,3.4,clear sky
56,Svetlyy,RU,2021-05-25 20:55:39,54.675,20.1347,51.85,91,98,3.69,moderate rain
57,Houston,US,2021-05-25 20:53:29,29.7633,-95.3633,84.34,86,75,3.0,broken clouds
58,Xiongzhou,CN,2021-05-25 20:55:39,25.1167,114.3,74.23,96,83,2.42,broken clouds
59,Fairbanks,US,2021-05-25 20:51:11,64.8378,-147.7164,67.96,35,20,9.22,few clouds
60,Batemans Bay,AU,2021-05-25 20:55:40,-35.7167,150.1833,61.92,66,1,6.49,clear sky
61,Port Alfred,ZA,2021-05-25 20:55:40,-33.5906,26.891,63.82,92,82,12.01,broken clouds
62,Vanimo,PG,2021-05-25 20:55:40,-2.6741,141.3028,77.34,90,96,3.4,light rain
63,Provideniya,RU,2021-05-25 20:53:17,64.3833,-173.3,46.51,57,0,20.13,clear sky
64,Kruisfontein,ZA,2021-05-25 20:55:22,-34.0033,24.7314,60.89,91,78,8.55,broken clouds
65,Fuzhou,CN,2021-05-25 20:55:41,26.0614,119.3061,69.69,95,97,1.03,overcast clouds
66,Norman Wells,CA,2021-05-25 20:55:41,65.282,-126.8329,59.04,21,20,10.36,few clouds
67,Uvalde,US,2021-05-25 20:55:41,29.3669,-99.767,89.19,66,40,13.42,scattered clouds
68,San Cristobal,VE,2021-05-25 20:55:31,7.7669,-72.225,73.58,99,100,4.81,overcast clouds
69,East London,ZA,2021-05-25 20:55:42,-33.0153,27.9116,66.81,81,90,14.56,overcast clouds
70,Alofi,NU,2021-05-25 20:55:42,-19.0595,-169.9187,80.49,89,75,9.22,light rain
71,Salamiyah,SY,2021-05-25 20:55:43,35.0113,37.0532,69.78,46,0,7.63,clear sky
72,Udachnyy,RU,2021-05-25 20:54:13,66.4167,112.4,43.27,83,98,8.63,overcast clouds
73,Lewistown,US,2021-05-25 20:55:43,40.5992,-77.5714,79.45,1,90,5.75,overcast clouds
74,Lompoc,US,2021-05-25 20:54:42,34.6391,-120.4579,86.13,67,1,16.11,clear sky
75,Ahipara,NZ,2021-05-25 20:55:43,-35.1667,173.1667,55.11,75,24,9.51,few clouds
76,Westport,US,2021-05-25 20:55:44,41.1415,-73.3579,80.02,57,66,1.01,broken clouds
77,Te Anau,NZ,2021-05-25 20:53:00,-45.4167,167.7167,36.05,77,85,1.19,overcast clouds
78,Ponta Do Sol,PT,2021-05-25 20:55:44,32.6667,-17.1,65.12,56,69,8.75,broken clouds
79,Naze,JP,2021-05-25 20:55:45,28.3667,129.4833,69.94,64,100,1.86,overcast clouds
80,Touros,BR,2021-05-25 20:55:45,-5.1989,-35.4608,81.5,76,98,12.88,overcast clouds
81,Nueve De Julio,AR,2021-05-25 20:55:45,-35.4444,-60.8831,55.71,62,4,4.34,clear sky
82,Georgetown,MY,2021-05-25 20:55:46,5.4112,100.3354,82.89,83,20,3.0,few clouds
83,Vila Franca Do Campo,PT,2021-05-25 20:53:54,37.7167,-25.4333,66.61,80,100,9.8,overcast clouds
84,Margate,GB,2021-05-25 20:55:46,51.3813,1.3862,52.7,72,54,4.0,broken clouds
85,Chokurdakh,RU,2021-05-25 20:53:13,70.6333,147.9167,34.32,78,40,7.83,scattered clouds
86,Souillac,MU,2021-05-25 20:53:56,-20.5167,57.5167,75.58,83,75,8.32,broken clouds
87,Kungurtug,RU,2021-05-25 20:55:47,50.5994,97.5228,42.4,90,100,3.65,light rain
88,Saint-Augustin,CA,2021-05-25 20:55:47,51.226,-58.6502,58.55,56,100,18.9,overcast clouds
89,Caravelas,BR,2021-05-25 20:55:47,-17.7125,-39.2481,75.09,87,44,7.72,scattered clouds
90,Ribeira Grande,PT,2021-05-25 20:53:23,38.5167,-28.7,64.8,94,75,14.97,broken clouds
91,Bethel,US,2021-05-25 20:53:55,41.3712,-73.414,80.29,59,71,1.01,broken clouds
92,Faanui,PF,2021-05-25 20:55:49,-16.4833,-151.75,80.96,71,99,10.47,overcast clouds
93,Ostrovnoy,RU,2021-05-25 20:55:51,68.0531,39.5131,34.02,79,9,6.08,clear sky
94,Punta Arenas,CL,2021-05-25 20:52:16,-53.15,-70.9167,37.51,75,20,15.37,few clouds
95,Martinho Campos,BR,2021-05-25 20:55:51,-19.3317,-45.2369,73.53,42,89,4.14,overcast clouds
96,Chisec,GT,2021-05-25 20:55:51,15.8167,-90.2833,91.63,69,64,5.17,broken clouds
97,Nurota,UZ,2021-05-25 20:55:52,40.5614,65.6886,75.29,25,95,6.8,overcast clouds
98,Hailey,US,2021-05-25 20:55:52,43.5196,-114.3153,55.9,68,87,11.99,overcast clouds
99,Lyuban,BY,2021-05-25 20:55:52,52.7985,28.0048,57.85,89,100,12.06,overcast clouds
100,Narsaq,GL,2021-05-25 20:53:20,60.9167,-46.05,37.49,63,64,3.71,broken clouds
101,Florianopolis,BR,2021-05-25 20:52:43,-27.6146,-48.5012,63.63,61,0,5.75,clear sky
102,Ikom,NG,2021-05-25 20:55:53,5.9667,8.7063,76.73,92,100,2.44,overcast clouds
103,Chuy,UY,2021-05-25 20:55:53,-33.6971,-53.4616,55.8,75,1,8.19,clear sky
104,Bengkulu,ID,2021-05-25 20:55:54,-3.8004,102.2655,77.07,86,62,3.42,broken clouds
105,Iqaluit,CA,2021-05-25 20:54:41,63.7506,-68.5145,29.93,80,90,20.0,overcast clouds
106,Siloam Springs,US,2021-05-25 20:55:54,36.1881,-94.5405,73.29,88,90,11.5,overcast clouds
107,Hofn,IS,2021-05-25 20:55:54,64.2539,-15.2082,44.76,85,81,14.23,broken clouds
108,Bluff,NZ,2021-05-25 20:55:55,-46.6,168.3333,39.78,67,50,7.05,scattered clouds
109,Rocha,UY,2021-05-25 20:55:55,-34.4833,-54.3333,52.92,71,0,9.8,clear sky
110,Sinnamary,GF,2021-05-25 20:55:55,5.3833,-52.95,80.29,87,100,7.43,light rain
111,Karoi,ZW,2021-05-25 20:55:55,-16.8099,29.6925,52.14,68,0,4.47,clear sky
112,Leningradskiy,RU,2021-05-25 20:55:56,69.3833,178.4167,34.18,88,85,9.15,overcast clouds
113,Karangasem,ID,2021-05-25 20:55:56,-8.45,115.6167,79.68,88,61,4.99,broken clouds
114,Severnoye,RU,2021-05-25 20:55:57,56.3491,78.3619,59.83,74,3,5.21,clear sky
115,Auki,SB,2021-05-25 20:55:57,-8.7676,160.7034,77.94,85,100,8.37,light rain
116,College,US,2021-05-25 20:55:57,64.8569,-147.8028,68.47,36,20,9.22,few clouds
117,Farmington,US,2021-05-25 20:55:57,36.7281,-108.2187,79.86,12,0,5.99,clear sky
118,Ulcinj,ME,2021-05-25 20:55:58,41.9294,19.2244,68.22,66,0,1.83,clear sky
119,Chalisgaon,IN,2021-05-25 20:55:58,20.4667,75.0167,86.5,46,100,13.18,overcast clouds
120,Castro,BR,2021-05-25 20:53:22,-24.7911,-50.0119,52.59,66,59,1.92,broken clouds
121,Khuzhir,RU,2021-05-25 20:55:58,53.1939,107.3397,40.44,86,100,4.72,overcast clouds
122,Portland,US,2021-05-25 20:51:54,45.5234,-122.6762,64.56,84,90,1.01,light rain
123,Salinas,US,2021-05-25 20:52:19,36.6777,-121.6555,83.01,56,1,17.27,clear sky
124,Suntar,RU,2021-05-25 20:55:59,62.1444,117.6319,47.43,65,96,4.38,overcast clouds
125,Longyearbyen,SJ,2021-05-25 20:56:00,78.2186,15.6401,28.24,86,75,13.8,broken clouds
126,Mehamn,NO,2021-05-25 20:56:00,71.0357,27.8492,37.31,70,40,6.78,scattered clouds
127,Port Elizabeth,ZA,2021-05-25 20:56:00,-33.918,25.5701,63.1,88,75,12.66,broken clouds
128,Yatou,CN,2021-05-25 20:56:00,37.15,122.3833,61.68,63,100,20.07,overcast clouds
129,Farah,AF,2021-05-25 20:56:01,32.5,62.5,77.31,16,0,5.44,clear sky
130,Nhulunbuy,AU,2021-05-25 20:56:01,-12.2333,136.7667,77.61,73,21,11.5,few clouds
131,Polson,US,2021-05-25 20:54:02,47.6936,-114.1632,62.49,69,58,5.21,broken clouds
132,Sitka,US,2021-05-25 20:54:02,57.0531,-135.33,52.0,72,96,2.82,light rain
133,Praia,CV,2021-05-25 20:56:02,14.9215,-23.5087,73.94,73,20,17.27,few clouds
134,Poitiers,FR,2021-05-25 20:56:02,46.5833,0.3333,52.25,44,20,10.36,few clouds
135,Road Town,VG,2021-05-25 20:55:35,18.4167,-64.6167,84.24,70,40,11.5,scattered clouds
136,Inirida,CO,2021-05-25 20:56:03,3.8653,-67.9239,72.79,99,100,0.76,overcast clouds
137,Shenjiamen,CN,2021-05-25 20:56:03,29.9576,122.298,68.18,84,100,13.73,light rain
138,Bend,US,2021-05-25 20:54:50,44.0582,-121.3153,59.25,59,75,1.01,broken clouds
139,Salinopolis,BR,2021-05-25 20:56:03,-0.6136,-47.3561,81.75,77,93,12.41,overcast clouds
140,Itarema,BR,2021-05-25 20:56:04,-2.9248,-39.9167,79.16,75,50,13.06,scattered clouds
141,Gat,IL,2021-05-25 20:54:02,31.61,34.7642,79.39,54,0,4.09,clear sky
142,Stornoway,GB,2021-05-25 20:56:04,58.2093,-6.3865,48.92,87,75,14.97,broken clouds
143,Makakilo City,US,2021-05-25 20:56:04,21.3469,-158.0858,83.61,66,20,11.5,few clouds
144,Celestun,MX,2021-05-25 20:56:05,20.8667,-90.4,86.29,66,44,17.36,scattered clouds
145,Ngunguru,NZ,2021-05-25 20:56:05,-35.6167,174.5,58.8,68,83,22.75,broken clouds
146,Krasnoselkup,RU,2021-05-25 20:56:06,65.7,82.4667,28.42,77,15,6.42,few clouds
147,Kongolo,CD,2021-05-25 20:56:06,-5.3833,27.0,69.96,59,28,3.33,scattered clouds
148,Clyde River,CA,2021-05-25 20:56:06,70.4692,-68.5914,28.63,93,100,29.93,overcast clouds
149,Akdepe,TM,2021-05-25 20:56:07,42.0551,59.3788,78.89,24,0,8.1,clear sky
150,Mar Del Plata,AR,2021-05-25 20:53:17,-38.0023,-57.5575,55.42,59,75,8.01,broken clouds
151,Selizharovo,RU,2021-05-25 20:56:07,56.8519,33.4487,49.82,85,98,5.35,overcast clouds
152,Bunia,CD,2021-05-25 20:56:08,1.5667,30.25,64.45,87,35,4.18,scattered clouds
153,Saskylakh,RU,2021-05-25 20:56:08,71.9167,114.0833,45.12,61,100,4.23,overcast clouds
154,Laredo,US,2021-05-25 20:56:08,27.5064,-99.5075,98.6,35,1,15.05,clear sky
155,Kodiak,US,2021-05-25 20:53:18,57.79,-152.4072,53.24,58,0,4.88,clear sky
156,Eregli,TR,2021-05-25 20:56:09,37.5133,34.0467,63.68,34,0,3.78,clear sky
157,Salalah,OM,2021-05-25 20:56:09,17.0151,54.0924,79.95,79,30,8.19,scattered clouds
158,Bilma,NE,2021-05-25 20:55:31,18.6853,12.9164,89.28,7,0,8.57,clear sky
159,Tekirdag,TR,2021-05-25 20:56:09,40.978,27.5085,58.35,76,47,6.67,light rain
160,Lima,PE,2021-05-25 20:52:53,-12.0432,-77.0282,66.45,94,75,1.99,broken clouds
161,Port-Cartier,CA,2021-05-25 20:56:10,50.0334,-66.8654,53.82,92,100,2.28,overcast clouds
162,Wenling,CN,2021-05-25 20:56:10,28.3669,121.36,67.14,82,88,5.48,overcast clouds
163,Tasiilaq,GL,2021-05-25 20:56:10,65.6145,-37.6368,35.98,90,100,49.37,moderate rain
164,Jiayuguan,CN,2021-05-25 20:56:11,39.8167,98.3,56.44,21,70,2.19,broken clouds
165,Beloha,MG,2021-05-25 20:56:11,-25.1667,45.05,62.74,72,10,5.88,clear sky
166,Buala,SB,2021-05-25 20:54:51,-8.145,159.5921,80.73,82,99,11.88,light rain
167,Quelimane,MZ,2021-05-25 20:56:12,-17.8786,36.8883,67.95,93,0,5.01,clear sky
168,Severo-Kurilsk,RU,2021-05-25 20:56:12,50.6789,156.125,37.42,97,100,13.91,light rain
169,Mount Isa,AU,2021-05-25 20:56:12,-20.7333,139.5,67.77,52,99,8.05,overcast clouds
170,Nikolskoye,RU,2021-05-25 20:53:12,59.7035,30.7861,48.09,76,100,5.79,overcast clouds
171,Kuching,MY,2021-05-25 20:51:32,1.55,110.3333,77.22,94,20,0.0,few clouds
172,Arraial Do Cabo,BR,2021-05-25 20:54:16,-22.9661,-42.0278,71.46,60,0,3.44,clear sky
173,Hobyo,SO,2021-05-25 20:56:13,5.3505,48.5268,78.58,80,48,23.89,scattered clouds
174,Camacha,PT,2021-05-25 20:56:13,33.0833,-16.3333,62.02,63,75,17.27,broken clouds
175,Butaritari,KI,2021-05-25 20:56:14,3.0707,172.7902,81.57,80,100,16.55,moderate rain
176,Ilulissat,GL,2021-05-25 20:56:14,69.2167,-51.1,33.44,79,15,5.17,few clouds
177,Vila Velha,BR,2021-05-25 20:53:24,-20.3297,-40.2925,73.35,78,75,11.01,broken clouds
178,Tomatlan,MX,2021-05-25 20:56:14,19.9333,-105.25,93.09,34,0,11.77,clear sky
179,Constitucion,CL,2021-05-25 20:53:53,-35.3333,-72.4167,59.54,72,98,11.45,overcast clouds
180,Sikasso,ML,2021-05-25 20:56:15,10.9167,-7.0,84.9,45,91,6.76,overcast clouds
181,Sinop,TR,2021-05-25 20:56:15,41.7711,34.8709,52.65,45,0,5.93,clear sky
182,Mehran,IR,2021-05-25 20:56:15,33.1222,46.1646,81.88,21,5,1.07,clear sky
183,Svetlaya,RU,2021-05-25 20:56:16,46.5389,138.3297,46.81,84,84,5.28,broken clouds
184,Dingle,PH,2021-05-25 20:56:16,10.9995,122.6711,78.26,85,100,3.18,light rain
185,Dulce Grande,MX,2021-05-25 20:56:16,23.0,-102.1667,83.75,18,30,2.53,scattered clouds
186,Nichinan,JP,2021-05-25 20:56:17,31.6,131.3667,64.76,71,99,5.39,overcast clouds
187,Palana,RU,2021-05-25 20:56:17,59.1167,159.9667,35.85,85,100,4.9,overcast clouds
188,Sibu,MY,2021-05-25 20:56:17,2.3,111.8167,77.31,94,40,1.43,scattered clouds
189,San Patricio,US,2021-05-25 20:53:06,28.017,-97.5169,88.48,72,81,17.07,broken clouds
190,Acapulco,MX,2021-05-25 20:52:29,16.8634,-99.8901,89.35,47,71,12.17,broken clouds
191,Emerald,AU,2021-05-25 20:56:18,-23.5333,148.1667,53.74,87,3,4.61,clear sky
192,Hualmay,PE,2021-05-25 20:56:18,-11.0964,-77.6139,68.38,77,17,7.25,few clouds
193,Yar-Sale,RU,2021-05-25 20:53:40,66.8333,70.8333,34.59,88,100,8.34,light rain
194,Kamiiso,JP,2021-05-25 20:56:19,41.8167,140.65,53.1,79,98,7.25,overcast clouds
195,Upernavik,GL,2021-05-25 20:53:00,72.7868,-56.1549,35.76,88,92,3.02,overcast clouds
196,Izazi,TZ,2021-05-25 20:56:19,-7.2,35.7333,66.04,65,74,4.36,broken clouds
197,Bereda,ES,2021-05-25 20:56:20,43.2686,-7.5406,52.92,88,100,3.96,overcast clouds
198,Maridi,SS,2021-05-25 20:56:20,4.9158,29.4742,69.78,86,90,4.43,overcast clouds
199,Pangai,TO,2021-05-25 20:56:20,-19.8,-174.35,69.91,100,90,11.5,light rain
200,Paamiut,GL,2021-05-25 20:56:21,61.994,-49.6678,33.51,75,75,5.93,broken clouds
201,Donskoye,RU,2021-05-25 20:56:21,45.4552,41.9741,61.21,88,100,3.4,light rain
202,Comodoro Rivadavia,AR,2021-05-25 20:56:21,-45.8667,-67.5,49.86,37,0,9.22,clear sky
203,Talnakh,RU,2021-05-25 20:56:22,69.4865,88.3972,20.3,96,50,11.34,scattered clouds
204,Taseyevo,RU,2021-05-25 20:56:22,57.2169,94.8978,39.0,75,84,4.56,broken clouds
205,Saint Anthony,US,2021-05-25 20:55:25,45.0205,-93.218,86.94,38,4,4.0,clear sky
206,Sainte-Marie,RE,2021-05-25 20:56:22,-20.8968,55.5496,71.73,73,20,11.5,few clouds
207,Saldanha,ZA,2021-05-25 20:54:18,-33.0117,17.9442,51.85,82,14,3.53,few clouds
208,Port Lincoln,AU,2021-05-25 20:55:04,-34.7333,135.8667,56.5,63,70,16.15,broken clouds
209,Nyurba,RU,2021-05-25 20:56:23,63.2842,118.3319,46.51,71,100,3.74,overcast clouds
210,Oranjemund,NA,2021-05-25 20:54:11,-28.55,16.4333,58.73,96,18,7.36,few clouds
211,Klichka,RU,2021-05-25 20:56:24,50.4457,117.996,35.98,81,96,3.2,overcast clouds
212,Ejura,GH,2021-05-25 20:56:24,7.3856,-1.3562,76.06,90,86,8.28,moderate rain
213,Sinnar,SD,2021-05-25 20:56:24,13.5691,33.5672,94.41,10,7,6.55,clear sky
214,Nolinsk,RU,2021-05-25 20:56:25,57.5596,49.9363,49.6,77,31,6.08,scattered clouds
215,Kushmurun,KZ,2021-05-25 20:56:25,52.4503,64.6311,76.6,32,5,6.31,clear sky
216,Goderich,CA,2021-05-25 20:56:25,43.7501,-81.7165,83.21,50,55,14.97,broken clouds
217,Mahebourg,MU,2021-05-25 20:55:06,-20.4081,57.7,75.49,83,75,12.66,broken clouds
218,Yarmouth,US,2021-05-25 20:56:26,41.7057,-70.2286,70.11,51,37,11.01,scattered clouds
219,Bathsheba,BB,2021-05-25 20:56:26,13.2167,-59.5167,84.81,54,40,12.88,scattered clouds
220,Agropoli,IT,2021-05-25 20:56:26,40.3469,14.9966,64.9,80,23,2.19,few clouds
221,Medea,DZ,2021-05-25 20:56:27,36.2642,2.7539,55.85,59,92,4.63,overcast clouds
222,Mazatlan,MX,2021-05-25 20:56:27,23.2167,-106.4167,84.9,72,86,7.0,overcast clouds
223,Gogrial,SS,2021-05-25 20:56:27,8.5332,28.1004,84.83,50,50,3.53,scattered clouds
224,Beidao,CN,2021-05-25 20:56:28,34.5686,105.8933,52.88,89,89,1.39,overcast clouds
225,Houma,US,2021-05-25 20:56:28,29.5958,-90.7195,88.0,65,40,12.66,scattered clouds
226,Puerto Madryn,AR,2021-05-25 20:56:28,-42.7692,-65.0385,50.77,41,45,6.69,scattered clouds
227,Pevek,RU,2021-05-25 20:56:29,69.7008,170.3133,32.09,81,99,4.43,overcast clouds
228,Blagoyevo,RU,2021-05-25 20:56:29,63.3667,47.9167,37.27,97,100,7.36,overcast clouds
229,Saint-Pierre,RE,2021-05-25 20:56:29,-21.3393,55.4781,71.24,77,0,6.91,clear sky
230,Zhezkazgan,KZ,2021-05-25 20:56:30,47.8043,67.7144,75.54,30,31,10.98,scattered clouds
231,Lucapa,AO,2021-05-25 20:54:02,-8.4192,20.7447,63.57,49,4,3.91,clear sky
232,Santa Rosalia,MX,2021-05-25 20:56:30,27.3167,-112.2833,82.8,24,19,5.53,few clouds
233,El Paujil,CO,2021-05-25 20:56:30,1.5701,-75.3286,72.34,95,100,0.25,overcast clouds
234,Atar,MR,2021-05-25 20:56:31,20.5169,-13.0499,91.78,16,63,13.24,broken clouds
235,Muros,ES,2021-05-25 20:55:35,42.7762,-9.0603,58.08,65,100,10.42,overcast clouds
236,Walker,US,2021-05-25 20:56:31,30.7335,-95.5669,79.72,80,98,11.16,light rain
237,Turinskaya Sloboda,RU,2021-05-25 20:56:32,57.6232,64.3858,57.47,80,16,8.16,light rain
238,Bredasdorp,ZA,2021-05-25 20:53:18,-34.5322,20.0403,52.92,76,81,6.26,broken clouds
239,Santa Cruz,BO,2021-05-25 20:52:19,-17.8,-63.1667,78.85,44,40,11.5,scattered clouds
240,Namibe,AO,2021-05-25 20:56:32,-15.1961,12.1522,73.54,74,0,3.76,clear sky
241,Devonport,AU,2021-05-25 20:56:32,-41.1667,146.35,52.09,85,93,13.67,light rain
242,Zanesville,US,2021-05-25 20:56:33,39.9404,-82.0132,89.46,48,100,1.01,overcast clouds
243,Anchorage,US,2021-05-25 20:52:43,61.2181,-149.9003,71.58,37,1,3.44,clear sky
244,Katsina,NG,2021-05-25 20:56:33,12.9894,7.6006,89.11,8,79,5.55,broken clouds
245,Mirabela,BR,2021-05-25 20:56:34,-16.2628,-44.1644,86.25,36,36,3.83,scattered clouds
246,Yaan,NG,2021-05-25 20:56:34,7.3833,8.5667,82.76,67,100,9.08,overcast clouds
247,Lebu,CL,2021-05-25 20:56:34,-37.6167,-73.65,56.97,83,89,3.09,overcast clouds
248,Wellington,NZ,2021-05-25 20:55:21,-41.2866,174.7756,47.66,85,0,2.3,clear sky
249,Araouane,ML,2021-05-25 20:56:36,18.9048,-3.5265,100.0,15,100,7.9,overcast clouds
250,Waw,SS,2021-05-25 20:56:36,7.7029,27.9953,78.76,68,98,4.54,overcast clouds
251,Thunder Bay,CA,2021-05-25 20:56:36,48.4001,-89.3168,80.58,50,40,17.27,scattered clouds
252,Qaqortoq,GL,2021-05-25 20:56:36,60.7167,-46.0333,37.09,60,38,9.31,scattered clouds
253,Beringovskiy,RU,2021-05-25 20:56:37,63.05,179.3167,32.67,98,100,5.01,light snow
254,Yumen,CN,2021-05-25 20:56:37,40.2833,97.2,58.71,19,20,6.29,few clouds
255,Lorengau,PG,2021-05-25 20:53:58,-2.0226,147.2712,77.4,93,100,6.49,light rain
256,Bagdarin,RU,2021-05-25 20:56:38,54.4333,113.6,33.91,93,83,2.51,broken clouds
257,Esperance,AU,2021-05-25 20:54:15,-33.8667,121.9,48.04,81,38,9.28,scattered clouds
258,Sur,OM,2021-05-25 20:53:05,22.5667,59.5289,93.06,37,0,14.56,clear sky
259,Birecik,TR,2021-05-25 20:56:38,37.0294,37.9903,74.41,20,1,14.23,clear sky
260,Cherskiy,RU,2021-05-25 20:53:13,68.75,161.3,52.88,37,100,6.13,overcast clouds
261,Makokou,GA,2021-05-25 20:56:38,0.5738,12.8642,74.26,84,94,1.19,overcast clouds
262,Codrington,AU,2021-05-25 20:54:26,-38.2667,141.9667,52.16,73,94,22.48,overcast clouds
263,Devils Lake,US,2021-05-25 20:54:17,48.1128,-98.8651,62.71,73,75,15.99,broken clouds
264,Gravelbourg,CA,2021-05-25 20:56:39,49.8834,-106.5512,43.07,79,100,14.67,overcast clouds
265,Svetlogorsk,BY,2021-05-25 20:56:40,52.6333,29.7333,57.27,84,85,8.32,overcast clouds
266,Tuatapere,NZ,2021-05-25 20:56:40,-46.1333,167.6833,37.99,67,63,5.03,broken clouds
267,Los Llanos De Aridane,ES,2021-05-25 20:56:38,28.6585,-17.9182,64.15,76,75,18.01,broken clouds
268,Poya,NC,2021-05-25 20:56:40,-21.35,165.15,69.49,68,94,7.92,overcast clouds
269,Ketchikan,US,2021-05-25 20:56:41,55.3422,-131.6461,47.95,81,99,8.3,light rain
270,Ambilobe,MG,2021-05-25 20:56:41,-13.2,49.05,68.54,90,20,2.62,few clouds
271,Grandview,US,2021-05-25 20:53:41,38.8858,-94.533,79.27,75,100,1.01,overcast clouds
272,Nekhayevskiy,RU,2021-05-25 20:56:41,50.4106,41.7561,58.1,66,15,7.52,few clouds
273,Mezen,RU,2021-05-25 20:56:42,65.8522,44.24,30.52,78,98,6.78,overcast clouds
274,Saint George,US,2021-05-25 20:53:36,37.1041,-113.5841,91.87,11,1,1.01,clear sky
275,Oistins,BB,2021-05-25 20:56:42,13.0667,-59.5333,84.29,54,40,19.57,scattered clouds
276,Sampit,ID,2021-05-25 20:56:42,-2.5333,112.95,75.16,92,89,2.13,overcast clouds
277,Savannah Bight,HN,2021-05-25 20:56:43,16.45,-85.85,84.25,82,94,21.81,overcast clouds
278,Muyezerskiy,RU,2021-05-25 20:56:43,63.9333,31.65,39.38,91,100,3.6,overcast clouds
279,Airai,TL,2021-05-25 20:56:44,-8.9266,125.4092,57.54,91,31,3.6,scattered clouds
280,Broken Hill,AU,2021-05-25 20:56:44,-31.95,141.4333,46.11,81,0,12.66,clear sky
281,Labuhan,ID,2021-05-25 20:56:44,-6.8844,112.2051,76.66,89,23,7.47,few clouds
282,Zhigansk,RU,2021-05-25 20:56:44,66.7697,123.3711,48.31,55,100,4.7,overcast clouds
283,Bambous Virieux,MU,2021-05-25 20:55:06,-20.3428,57.7575,75.45,83,75,10.58,broken clouds
284,Baruun-Urt,MN,2021-05-25 20:56:45,46.6806,113.2792,41.83,72,19,6.08,few clouds
285,Joshimath,IN,2021-05-25 20:56:45,30.5667,79.5667,56.5,53,0,8.25,clear sky
286,Boldur,RO,2021-05-25 20:56:46,45.6942,21.7767,57.15,91,83,13.67,broken clouds
287,Padang,ID,2021-05-25 20:56:46,-0.9492,100.3543,78.19,87,94,4.32,overcast clouds
288,Namatanai,PG,2021-05-25 20:53:09,-3.6667,152.4333,78.39,87,100,4.41,light rain
289,Dikson,RU,2021-05-25 20:56:46,73.5069,80.5464,16.81,95,72,5.79,broken clouds
290,Maniitsoq,GL,2021-05-25 20:56:47,65.4167,-52.9,31.17,70,17,7.43,few clouds
291,Zenzeli,RU,2021-05-25 20:56:47,45.9241,47.0474,65.59,73,31,12.68,scattered clouds
292,Flin Flon,CA,2021-05-25 20:56:47,54.7682,-101.865,33.64,75,90,15.68,overcast clouds
293,Yulara,AU,2021-05-25 20:56:48,-25.2406,130.9889,40.84,70,37,4.61,scattered clouds
294,Balabac,PH,2021-05-25 20:56:48,7.9868,117.0645,80.89,79,37,2.93,scattered clouds
295,Bulgan,MN,2021-05-25 20:56:49,48.8125,103.5347,41.18,73,100,3.85,light rain
296,Hammerfest,NO,2021-05-25 20:56:49,70.6634,23.6821,37.85,65,75,3.44,broken clouds
297,Manta,EC,2021-05-25 20:56:50,-0.95,-80.7333,83.98,65,40,9.22,scattered clouds
298,Akom,CM,2021-05-25 20:56:51,2.6678,12.7109,70.16,88,79,2.48,broken clouds
299,Miraflores,MX,2021-05-25 20:56:51,19.2167,-98.8083,76.87,39,100,3.49,light rain
300,Turukhansk,RU,2021-05-25 20:56:52,65.8167,87.9833,26.28,83,88,16.24,overcast clouds
301,Seoul,KR,2021-05-25 20:54:10,37.5683,126.9778,54.84,90,40,3.67,scattered clouds
302,Konevo,RU,2021-05-25 20:56:52,62.1215,39.3192,38.43,95,100,4.63,overcast clouds
303,Scarborough,GB,2021-05-25 20:56:52,54.2797,-0.4044,49.53,87,10,8.39,clear sky
304,Olafsvik,IS,2021-05-25 20:56:53,64.8945,-23.7142,46.44,78,96,14.61,overcast clouds
305,Isangel,VU,2021-05-25 20:56:53,-19.55,169.2667,73.51,56,61,11.27,broken clouds
306,Parambu,BR,2021-05-25 20:56:53,-6.2111,-40.6944,76.46,47,24,4.38,few clouds
307,Ampanihy,MG,2021-05-25 20:56:54,-24.7,44.75,63.52,71,11,5.61,few clouds
308,San Nicolas,PH,2021-05-25 20:56:54,18.1725,120.5953,80.74,81,26,7.52,scattered clouds
309,Emba,KZ,2021-05-25 20:56:18,48.8264,58.1442,71.74,43,46,2.95,scattered clouds
310,Lensk,RU,2021-05-25 20:56:55,60.7253,114.9278,43.52,79,15,3.11,few clouds
311,Dunedin,NZ,2021-05-25 20:55:10,-45.8742,170.5036,42.8,78,100,2.84,overcast clouds
312,Sawtell,AU,2021-05-25 20:56:55,-30.3833,153.1,57.22,89,3,4.61,clear sky
313,Palmer,US,2021-05-25 20:56:55,42.1584,-72.3287,80.62,54,55,7.0,broken clouds
314,Mount Darwin,ZW,2021-05-25 20:56:56,-16.7725,31.5838,51.51,51,0,1.45,clear sky
315,Kaitangata,NZ,2021-05-25 20:56:56,-46.2817,169.8464,36.54,62,100,2.51,overcast clouds
316,Aasiaat,GL,2021-05-25 20:56:56,68.7098,-52.8699,31.87,73,72,11.61,broken clouds
317,Vestmannaeyjar,IS,2021-05-25 20:56:57,63.4427,-20.2734,45.61,89,84,23.24,broken clouds
318,Ios,GR,2021-05-25 20:56:57,36.7333,25.2833,73.31,70,0,6.6,clear sky
319,Tagusao,PH,2021-05-25 20:56:57,9.1924,117.8141,80.02,80,70,3.53,broken clouds
320,Benjamin Constant,BR,2021-05-25 20:56:58,-4.3831,-70.0311,82.53,74,40,0.89,scattered clouds
321,Pathein,MM,2021-05-25 20:56:58,16.7833,94.7333,77.11,95,100,1.68,heavy intensity rain
322,Guarapari,BR,2021-05-25 20:54:15,-20.6667,-40.4975,73.29,74,86,4.03,overcast clouds
323,High Level,CA,2021-05-25 20:56:58,58.5169,-117.136,48.31,29,75,3.06,broken clouds
324,Kirakira,SB,2021-05-25 20:56:59,-10.4544,161.9205,78.44,75,82,8.37,broken clouds
325,Epe,NG,2021-05-25 20:56:59,6.5841,3.9834,79.74,85,100,5.91,overcast clouds
326,Porto Novo,BJ,2021-05-25 20:56:59,6.4965,2.6036,84.02,81,67,9.15,broken clouds
327,Usta Muhammad,PK,2021-05-25 20:57:00,28.1794,68.0445,96.28,9,0,5.48,clear sky
328,Banjar,ID,2021-05-25 20:57:00,-8.19,114.9675,80.46,91,40,2.86,scattered clouds
329,Port Hardy,CA,2021-05-25 20:57:00,50.6996,-127.4199,53.6,71,90,8.05,overcast clouds
330,Tual,ID,2021-05-25 20:57:01,-5.6667,132.75,82.26,79,100,23.69,overcast clouds
331,Lethem,GY,2021-05-25 20:57:01,3.3803,-59.7968,80.87,83,98,8.14,overcast clouds
332,Gao,ML,2021-05-25 20:57:01,16.6362,1.637,95.11,8,68,8.57,broken clouds
333,Lagoa,PT,2021-05-25 20:54:07,39.05,-27.9833,62.87,90,100,21.14,overcast clouds
334,Axim,GH,2021-05-25 20:57:02,4.8699,-2.2405,80.53,82,100,7.49,overcast clouds
335,Redlands,US,2021-05-25 20:57:02,34.0556,-117.1825,94.66,17,75,1.99,broken clouds
336,Gornopravdinsk,RU,2021-05-25 20:57:03,60.05,69.9,55.04,78,100,5.01,overcast clouds
337,Chara,RU,2021-05-25 20:57:03,56.9064,118.2631,38.01,75,32,0.31,scattered clouds
338,Ilabaya,PE,2021-05-25 20:57:03,-17.4208,-70.5133,75.67,22,21,8.05,few clouds
339,Palpa,PE,2021-05-25 20:57:04,-14.5336,-75.1856,74.61,53,75,7.11,broken clouds
340,Kwinana,AU,2021-05-25 20:57:04,-32.25,115.7667,52.14,70,97,10.36,overcast clouds
341,Berlevag,NO,2021-05-25 20:57:04,70.8578,29.0864,37.35,81,75,11.5,broken clouds
342,Luderitz,NA,2021-05-25 20:57:05,-26.6481,15.1594,61.0,77,0,10.47,clear sky
343,Zhigalovo,RU,2021-05-25 20:57:05,54.8097,105.1578,43.83,97,100,0.49,light rain
344,Hirara,JP,2021-05-25 20:57:05,24.8,125.2833,81.52,81,82,10.76,broken clouds
345,Charters Towers,AU,2021-05-25 20:57:06,-20.1,146.2667,60.1,89,32,7.94,scattered clouds
346,Torbay,CA,2021-05-25 20:57:06,47.6666,-52.7314,53.38,65,90,26.46,overcast clouds
347,Tomohon,ID,2021-05-25 20:57:06,1.3346,124.8392,67.14,84,94,1.57,overcast clouds
348,Baiyin,CN,2021-05-25 20:57:07,36.5583,104.2081,59.88,28,100,11.01,overcast clouds
349,Pullman,US,2021-05-25 20:54:15,46.7313,-117.1796,62.71,71,100,5.01,light rain
350,Ciudad Bolivar,VE,2021-05-25 20:57:07,8.1222,-63.5497,93.9,32,99,7.87,overcast clouds
351,Vao,NC,2021-05-25 20:55:05,-22.6667,167.4833,71.51,55,20,16.24,few clouds
352,Belgatoy,RU,2021-05-25 20:57:07,43.19,45.8308,58.59,96,100,3.69,overcast clouds
353,Pacific Grove,US,2021-05-25 20:57:08,36.6177,-121.9166,82.62,77,46,8.99,scattered clouds
354,Las Vegas,US,2021-05-25 20:56:47,36.175,-115.1372,96.42,8,75,5.99,broken clouds
355,Bilibino,RU,2021-05-25 20:57:08,68.0546,166.4372,41.74,74,100,6.13,overcast clouds
356,Taksimo,RU,2021-05-25 20:57:09,56.3444,114.8794,38.28,70,14,0.94,few clouds
357,Poum,NC,2021-05-25 20:57:09,-20.2333,164.0167,73.87,60,95,18.28,overcast clouds
358,Christchurch,NZ,2021-05-25 20:55:28,-43.5333,172.6333,46.81,91,0,3.44,clear sky
359,Kavaratti,IN,2021-05-25 20:57:09,10.5669,72.642,83.3,77,100,16.75,overcast clouds
360,Ugoofaaru,MV,2021-05-25 20:57:10,5.6667,73.0,82.76,77,100,23.62,overcast clouds
361,Huarmey,PE,2021-05-25 20:57:10,-10.0681,-78.1522,70.74,75,10,8.08,clear sky
362,Dalvik,IS,2021-05-25 20:57:10,65.9702,-18.5286,53.53,56,18,4.65,few clouds
363,Kaeo,NZ,2021-05-25 20:57:11,-35.1,173.7833,56.82,74,36,13.91,scattered clouds
364,Walvis Bay,NA,2021-05-25 20:57:11,-22.9575,14.5053,61.75,77,0,8.79,clear sky
365,Lagos,NG,2021-05-25 20:57:11,6.5833,3.75,82.72,83,100,5.91,overcast clouds
366,Belmonte,BR,2021-05-25 20:57:11,-15.8631,-38.8828,79.3,79,4,6.6,clear sky
367,Grand Gaube,MU,2021-05-25 20:57:12,-20.0064,57.6608,75.6,82,9,1.01,clear sky
368,Lavrentiya,RU,2021-05-25 20:57:12,65.5833,-171.0,38.12,82,71,10.67,broken clouds
369,La Joya,MX,2021-05-25 20:57:13,18.6667,-99.4667,90.39,34,100,5.57,overcast clouds
370,Banda Aceh,ID,2021-05-25 20:57:13,5.5577,95.3222,80.49,80,94,7.58,overcast clouds
371,Wasilla,US,2021-05-25 20:57:13,61.5814,-149.4394,70.66,34,6,3.4,clear sky
372,Irati,BR,2021-05-25 20:57:13,-25.4672,-50.6511,52.59,67,22,1.07,few clouds
373,Marzuq,YE,2021-05-25 20:57:14,14.4,46.4667,79.12,54,2,5.35,clear sky
374,Moissala,TD,2021-05-25 20:57:14,8.3404,17.7663,86.11,39,93,3.24,overcast clouds
375,Mizdah,LY,2021-05-25 20:57:14,31.4451,12.9801,69.91,57,1,6.85,clear sky
376,Bandarbeyla,SO,2021-05-25 20:57:15,9.4942,50.8122,79.09,84,6,24.34,clear sky
377,Krosno,PL,2021-05-25 20:57:15,49.6887,21.7706,51.04,94,100,7.94,overcast clouds
378,Verkhnevilyuysk,RU,2021-05-25 20:57:15,63.4453,120.3167,45.82,80,100,2.8,overcast clouds
379,Hervey Bay,AU,2021-05-25 20:57:16,-25.2986,152.8535,61.03,72,17,5.53,few clouds
380,Kyzyl-Suu,KG,2021-05-25 20:57:16,42.3414,78.0056,54.36,59,100,4.54,overcast clouds
381,Brownsville,US,2021-05-25 20:56:23,25.9018,-97.4975,87.91,71,75,11.01,broken clouds
382,Saint-Marc-Des-Carrieres,CA,2021-05-25 20:57:17,46.6834,-72.0491,73.0,77,100,3.44,overcast clouds
383,Puro,PH,2021-05-25 20:55:20,12.4841,123.3827,81.48,81,89,3.11,overcast clouds
384,Teya,RU,2021-05-25 20:57:17,60.3778,92.6267,29.43,81,12,3.78,few clouds
385,Conde,BR,2021-05-25 20:57:18,-7.2597,-34.9075,80.06,78,20,8.16,few clouds
386,Yilan,TW,2021-05-25 20:57:18,24.757,121.753,79.83,99,18,2.3,few clouds
387,Pisco,PE,2021-05-25 20:57:18,-13.7,-76.2167,68.05,83,94,9.22,overcast clouds
388,Hun,LY,2021-05-25 20:57:19,29.1268,15.9477,87.4,16,3,11.54,clear sky
389,Lithgow,AU,2021-05-25 20:57:19,-33.4833,150.15,52.86,91,43,11.25,scattered clouds
390,Mohanur,IN,2021-05-25 20:57:19,11.0833,78.1667,81.7,84,100,7.81,overcast clouds
391,Kholodnyy,RU,2021-05-25 20:57:20,62.7167,147.95,45.21,45,11,22.66,few clouds
392,Tashara,RU,2021-05-25 20:57:20,55.5195,83.5094,61.23,94,94,3.69,overcast clouds
393,Pereslavl-Zalesskiy,RU,2021-05-25 20:57:20,56.7393,38.8563,53.94,73,100,2.98,overcast clouds
394,Coos Bay,US,2021-05-25 20:57:02,43.3665,-124.2179,62.06,77,30,1.01,scattered clouds
395,Manakara,MG,2021-05-25 20:57:21,-22.1333,48.0167,65.01,93,25,4.45,scattered clouds
396,Black River,JM,2021-05-25 20:57:21,18.0264,-77.8487,86.0,66,50,6.49,scattered clouds
397,San Rafael,AR,2021-05-25 20:57:21,-34.6177,-68.3301,60.8,38,19,3.02,few clouds
398,Tenkodogo,BF,2021-05-25 20:57:22,11.78,-0.3697,94.03,32,74,5.01,broken clouds
399,Carballo,ES,2021-05-25 20:57:22,43.213,-8.691,55.09,83,100,6.6,overcast clouds
400,Mayo,US,2021-05-25 20:57:22,38.8876,-76.5119,82.81,71,76,5.01,broken clouds
401,Springdale,US,2021-05-25 20:57:23,36.1867,-94.1288,72.57,94,90,11.01,overcast clouds
402,Taman,RU,2021-05-25 20:57:23,45.2117,36.7161,52.12,81,35,2.1,scattered clouds
403,Benguela,AO,2021-05-25 20:57:23,-12.5763,13.4055,76.05,75,4,3.2,clear sky
404,Onokhoy,RU,2021-05-25 20:57:24,51.932,108.0747,49.75,95,100,4.34,overcast clouds
405,Nigran,ES,2021-05-25 20:57:23,42.1415,-8.8066,65.39,62,0,10.65,clear sky
406,Karasjok,NO,2021-05-25 20:57:24,69.4719,25.5112,37.51,89,96,5.06,overcast clouds
407,San Quintin,MX,2021-05-25 20:53:55,30.4833,-115.95,69.62,59,31,10.63,scattered clouds
408,Cascais,PT,2021-05-25 20:57:25,38.6979,-9.4215,63.61,70,20,11.01,few clouds
409,Santa Maria,BR,2021-05-25 20:54:22,-29.6842,-53.8069,61.9,51,0,3.02,clear sky
410,Aykhal,RU,2021-05-25 20:57:25,66.0,111.5,38.68,96,100,6.02,overcast clouds
411,Ciudad Valles,MX,2021-05-25 20:57:25,21.9833,-99.0167,99.79,30,0,7.87,clear sky
412,Tsurib,RU,2021-05-25 20:57:26,42.2368,46.8307,50.58,89,94,3.27,overcast clouds
413,Warrington,GB,2021-05-25 20:53:28,53.3925,-2.5802,51.8,85,13,4.0,few clouds
414,Viedma,AR,2021-05-25 20:57:26,-40.8135,-62.9967,47.91,43,3,5.21,clear sky
415,Anadyr,RU,2021-05-25 20:57:26,64.75,177.4833,43.3,70,75,28.99,broken clouds
416,Port Hedland,AU,2021-05-25 20:57:27,-20.3167,118.5667,64.45,59,90,11.5,overcast clouds
417,Koutiala,ML,2021-05-25 20:57:27,12.3917,-5.4642,95.05,31,100,2.59,overcast clouds
418,Vostok,RU,2021-05-25 20:57:28,46.4856,135.8833,41.02,91,25,4.72,scattered clouds
419,Orbetello,IT,2021-05-25 20:57:28,42.4408,11.2196,62.8,44,0,7.85,clear sky
420,Port Augusta,AU,2021-05-25 20:57:28,-32.5,137.7667,48.7,80,29,6.55,scattered clouds
421,Virginia Beach,US,2021-05-25 20:56:22,36.8529,-75.978,82.02,79,72,1.01,broken clouds
422,Saint-Louis,SN,2021-05-25 20:57:29,16.3333,-15.0,92.16,20,97,21.5,overcast clouds
423,Morondava,MG,2021-05-25 20:57:29,-20.2833,44.2833,70.59,80,0,5.46,clear sky
424,Neepawa,CA,2021-05-25 20:57:29,50.2289,-99.4664,54.0,83,100,21.63,overcast clouds
425,Nador,MA,2021-05-25 20:57:30,35.174,-2.9287,68.07,77,75,9.78,broken clouds
426,High Prairie,CA,2021-05-25 20:57:02,55.4334,-116.4858,53.58,34,100,9.01,overcast clouds
427,Maamba,ZM,2021-05-25 20:57:30,-17.3667,27.15,58.91,57,0,3.33,clear sky
428,Abong Mbang,CM,2021-05-25 20:57:30,3.9833,13.1833,70.39,90,99,3.53,overcast clouds
429,Moosomin,CA,2021-05-25 20:57:31,50.1333,-101.6677,39.29,87,100,21.79,overcast clouds
430,Qasigiannguit,GL,2021-05-25 20:57:31,68.8193,-51.1922,32.92,80,24,5.79,few clouds
431,Maiduguri,NG,2021-05-25 20:57:31,11.8464,13.1603,88.59,11,17,8.41,few clouds
432,Hasaki,JP,2021-05-25 20:57:32,35.7333,140.8333,61.2,72,100,8.86,overcast clouds
433,Manado,ID,2021-05-25 20:57:32,1.487,124.8455,75.97,94,20,2.84,few clouds
434,Moba,CN,2021-05-25 20:57:32,33.2288,105.0179,48.67,89,100,5.64,overcast clouds
435,Tarcau,RO,2021-05-25 20:57:33,46.8667,26.1333,61.14,88,37,3.98,scattered clouds
436,Warrnambool,AU,2021-05-25 20:57:33,-38.3833,142.4833,52.81,74,94,27.69,overcast clouds
437,Gulbarga,IN,2021-05-25 20:57:33,17.3333,76.8333,86.29,47,100,18.21,overcast clouds
438,Egvekinot,RU,2021-05-25 20:57:34,66.3167,-179.1667,35.55,80,98,11.56,overcast clouds
439,Kita,ML,2021-05-25 20:57:34,13.0349,-9.4895,92.14,33,99,3.65,light rain
440,Seydi,TM,2021-05-25 20:57:21,39.4816,62.9137,83.53,18,0,7.65,clear sky
441,San Policarpo,PH,2021-05-25 20:57:35,12.1791,125.5072,81.12,80,93,1.9,overcast clouds
442,Gizo,SB,2021-05-25 20:57:35,-8.103,156.8419,81.39,81,100,21.83,moderate rain
443,Raymond,US,2021-05-25 20:57:35,43.9015,-70.4703,85.57,50,56,11.72,broken clouds
444,Digby,CA,2021-05-25 20:57:36,44.6169,-65.7655,61.59,62,67,24.76,broken clouds
445,Chumikan,RU,2021-05-25 20:57:36,54.7183,135.315,33.1,89,100,4.29,overcast clouds
446,Handia,IN,2021-05-25 20:56:23,25.3833,82.1833,84.69,65,69,9.24,broken clouds
447,Jacareacanga,BR,2021-05-25 20:57:37,-6.2222,-57.7528,83.34,66,100,0.98,overcast clouds
448,Batagay,RU,2021-05-25 20:57:37,67.6333,134.6333,53.87,33,9,4.5,clear sky
449,Sydney,AU,2021-05-25 20:55:36,-33.8679,151.2073,62.8,73,20,5.01,few clouds
450,Lasa,IT,2021-05-25 20:57:37,46.6166,10.7002,43.36,65,15,1.74,few clouds
451,Ziro,IN,2021-05-25 20:57:38,27.6333,93.8333,56.88,94,99,2.86,overcast clouds
452,Itigi,TZ,2021-05-25 20:57:38,-5.7,34.4833,64.8,62,86,8.3,overcast clouds
453,Luxeuil-Les-Bains,FR,2021-05-25 20:57:39,47.8171,6.365,53.82,71,76,6.91,broken clouds
454,Tigil,RU,2021-05-25 20:57:39,57.8,158.6667,35.98,88,100,4.36,overcast clouds
455,Zhanaozen,KZ,2021-05-25 20:57:39,43.3,52.8,75.85,48,29,13.04,scattered clouds
456,Nanakuli,US,2021-05-25 20:57:40,21.3906,-158.1547,85.03,69,20,1.05,few clouds
457,Padre Bernardo,BR,2021-05-25 20:57:40,-15.35,-48.5,81.16,43,43,4.23,scattered clouds
458,Richards Bay,ZA,2021-05-25 20:53:06,-28.783,32.0377,65.32,68,91,10.63,overcast clouds
459,Alyangula,AU,2021-05-25 20:57:40,-13.8483,136.4192,66.07,100,70,11.01,broken clouds
460,Coquimbo,CL,2021-05-25 20:56:22,-29.9533,-71.3436,60.53,77,0,3.85,clear sky
461,Akyab,MM,2021-05-25 20:56:30,20.15,92.9,80.22,81,100,19.35,overcast clouds
462,Wuchang,CN,2021-05-25 20:57:41,44.9143,127.15,51.19,41,100,10.18,overcast clouds
463,Zvishavane,ZW,2021-05-25 20:57:41,-20.3267,30.0665,51.62,59,0,0.92,clear sky
464,Huntington,US,2021-05-25 20:57:42,38.4193,-82.4452,91.99,44,82,1.99,broken clouds
465,Fort Nelson,CA,2021-05-25 20:57:42,58.8053,-122.7002,44.19,36,90,8.05,overcast clouds
466,Gerash,IR,2021-05-25 20:57:42,27.6652,54.1371,84.34,18,1,5.46,clear sky
467,Nakamura,JP,2021-05-25 20:57:43,32.9833,132.9333,60.96,86,92,5.01,overcast clouds
468,Daru,PG,2021-05-25 20:57:43,-9.0763,143.2092,77.02,80,49,15.79,scattered clouds
469,Vilhena,BR,2021-05-25 20:57:43,-12.7406,-60.1458,82.62,65,40,8.05,scattered clouds
470,Middelburg,ZA,2021-05-25 20:57:43,-25.7751,29.4648,52.41,45,97,3.83,overcast clouds
471,Acari,PE,2021-05-25 20:57:44,-15.4311,-74.6158,73.02,64,87,4.29,overcast clouds
472,Charagua,BO,2021-05-25 20:57:44,-19.8,-63.2167,76.57,54,17,2.68,few clouds
473,Haines Junction,CA,2021-05-25 20:57:45,60.7522,-137.5108,51.75,58,94,3.44,light rain
474,Flinders,AU,2021-05-25 20:57:45,-34.5833,150.8552,58.28,73,53,1.01,broken clouds
475,Heilbron,ZA,2021-05-25 20:57:45,-27.2812,27.9709,50.09,46,100,5.75,overcast clouds
476,Didi Lilo,GE,2021-05-25 20:57:46,41.7361,44.9647,55.18,82,40,26.46,scattered clouds
477,Soyo,AO,2021-05-25 20:54:05,-6.1349,12.3689,79.11,86,45,10.51,scattered clouds
478,Parasia,IN,2021-05-25 20:57:46,22.2,78.7667,80.28,19,100,5.7,overcast clouds
479,Mitsamiouli,KM,2021-05-25 20:57:46,-11.3847,43.2844,77.94,71,37,10.11,scattered clouds
480,Boyolangu,ID,2021-05-25 20:57:47,-8.1181,111.8935,74.26,94,84,1.3,broken clouds
481,Paredon,MX,2021-05-25 20:57:47,16.0333,-93.8667,88.79,61,100,6.85,overcast clouds
482,Znamenskoye,RU,2021-05-25 20:57:48,57.1281,73.8282,57.81,76,4,5.26,clear sky
483,Kilrush,IE,2021-05-25 20:53:33,52.6397,-9.4833,51.55,85,86,8.46,overcast clouds
484,Russell,US,2021-05-25 20:57:48,32.3502,-85.1999,92.97,45,72,7.99,broken clouds
485,Lilongwe,MW,2021-05-25 20:52:54,-13.9669,33.7873,54.63,57,0,3.24,clear sky
486,Zeya,RU,2021-05-25 20:53:49,53.75,127.2667,39.22,82,100,5.1,overcast clouds
487,Iberia,US,2021-05-25 20:57:49,29.9502,-91.7507,85.98,65,60,13.42,broken clouds
488,Kiruna,SE,2021-05-25 20:57:50,67.8557,20.2251,32.83,92,100,5.01,overcast clouds
489,Conceicao Do Araguaia,BR,2021-05-25 20:57:50,-8.2578,-49.2647,80.28,66,3,3.02,clear sky
490,Harnosand,SE,2021-05-25 20:57:51,62.6323,17.9379,50.02,80,99,11.56,overcast clouds
491,Bahia Blanca,AR,2021-05-25 20:54:09,-38.7196,-62.2724,51.04,41,49,4.47,scattered clouds
492,Arman,RU,2021-05-25 20:57:52,59.7,150.1667,49.41,50,2,10.98,clear sky
493,Bubaque,GW,2021-05-25 20:57:52,11.2833,-15.8333,80.11,75,47,16.96,scattered clouds
494,Ternate,ID,2021-05-25 20:57:52,0.8,127.4,81.45,77,86,4.85,overcast clouds
495,Leninsk,RU,2021-05-25 20:57:53,48.7119,45.1994,58.86,65,99,14.54,overcast clouds
496,Rennes,FR,2021-05-25 20:57:15,48.1667,-1.6667,55.18,76,90,20.13,overcast clouds
497,Saint-Georges,GD,2021-05-25 20:57:53,12.0564,-61.7485,85.68,66,20,20.71,few clouds
498,Iralaya,HN,2021-05-25 20:57:54,15.0,-83.2333,84.29,83,99,14.54,overcast clouds
499,Catalina,US,2021-05-25 20:57:54,32.5056,-110.9211,93.63,6,92,4.0,overcast clouds
500,Lufilufi,WS,2021-05-25 20:57:54,-13.8745,-171.5986,83.98,77,100,15.41,light rain
501,Corinto,GR,2021-05-25 20:57:55,37.9407,22.9573,80.64,49,1,1.25,clear sky
502,Tura,IN,2021-05-25 20:57:55,25.5198,90.2201,72.95,98,100,5.5,overcast clouds
503,Cairns,AU,2021-05-25 20:56:10,-16.9167,145.7667,69.75,91,75,10.36,broken clouds
504,Kiama,AU,2021-05-25 20:57:55,-34.6833,150.8667,58.48,69,51,5.99,broken clouds
505,Dukat,RU,2021-05-25 20:57:56,62.55,155.55,32.58,90,100,8.81,light snow
506,Adrar,MR,2021-05-25 20:53:39,20.5022,-10.0711,92.98,15,100,17.02,overcast clouds
507,Shingu,JP,2021-05-25 20:57:56,33.7333,135.9833,65.91,71,48,4.07,scattered clouds
508,Ancud,CL,2021-05-25 20:57:56,-41.8697,-73.8203,49.42,96,100,13.76,moderate rain
509,Obo,CF,2021-05-25 20:57:57,5.3998,26.4869,71.47,84,79,4.29,broken clouds
510,Tira Sujanpur,IN,2021-05-25 20:57:57,31.8333,76.5,74.16,26,0,5.91,clear sky
511,Xinzhi,CN,2021-05-25 20:57:58,36.4989,111.7047,65.75,57,76,6.15,broken clouds
512,Mistelbach,AT,2021-05-25 20:57:58,48.57,16.5767,49.89,80,67,8.59,broken clouds
513,Kahului,US,2021-05-25 20:56:09,20.8947,-156.47,83.97,74,32,9.1,scattered clouds
514,Ouesso,CG,2021-05-25 20:57:58,1.6136,16.0517,74.19,84,93,2.89,light rain
515,Asyut,EG,2021-05-25 20:57:59,27.181,31.1837,80.78,19,0,8.32,clear sky
516,Vestmanna,FO,2021-05-25 20:57:59,62.1564,-7.1664,47.32,87,90,10.27,overcast clouds
517,San Vicente,AR,2021-05-25 20:57:59,-26.6167,-54.1333,54.5,54,74,1.3,broken clouds
518,Tazovskiy,RU,2021-05-25 20:58:00,67.4667,78.7,25.5,83,89,3.62,overcast clouds
519,Vallenar,CL,2021-05-25 20:58:00,-28.5708,-70.7581,79.59,18,0,4.12,clear sky
520,La Paz,BO,2021-05-25 20:54:59,-16.5,-68.15,52.02,56,70,3.65,broken clouds
521,Tutoia,BR,2021-05-25 20:58:00,-2.7619,-42.2744,79.03,84,37,8.3,scattered clouds
522,Rawson,AR,2021-05-25 20:55:16,-43.3002,-65.1023,49.37,39,57,4.9,broken clouds
523,San Francisco,US,2021-05-25 20:58:01,37.7749,-122.4194,82.78,70,2,5.99,clear sky
524,Kibaya,TZ,2021-05-25 20:58:01,-5.3,36.5667,53.58,94,100,4.97,overcast clouds
525,Maseru,LS,2021-05-25 20:58:02,-29.3167,27.4833,46.45,64,100,2.39,overcast clouds
526,Cockburn Town,TC,2021-05-25 20:58:02,21.4612,-71.1419,84.16,65,40,11.5,scattered clouds
527,Khandyga,RU,2021-05-25 20:58:02,62.6667,135.6,52.57,63,91,3.51,overcast clouds
528,Northam,GB,2021-05-25 20:58:03,51.0333,-4.2167,48.42,92,80,6.91,broken clouds
529,Great Falls,US,2021-05-25 20:54:06,47.5002,-111.3008,56.68,62,90,3.0,overcast clouds
530,Clearwater,US,2021-05-25 20:53:12,27.9659,-82.8001,95.38,64,1,11.99,clear sky
531,Xucheng,CN,2021-05-25 20:58:03,20.35,110.1288,79.5,83,32,13.33,scattered clouds
532,Hamilton,US,2021-05-25 20:54:25,39.1834,-84.5333,88.63,46,100,1.01,overcast clouds
533,Raga,SS,2021-05-25 20:58:04,8.4596,25.678,79.43,59,69,2.42,light rain
534,Parabel,RU,2021-05-25 20:58:04,58.6978,81.4825,46.87,73,99,4.99,overcast clouds
535,Saint-Prosper,CA,2021-05-25 20:58:05,46.2117,-70.4811,72.68,87,100,12.57,overcast clouds
536,Wilmington,US,2021-05-25 20:55:16,34.2257,-77.9447,84.0,66,54,4.0,broken clouds
537,Warri,NG,2021-05-25 20:54:13,5.5167,5.75,77.16,93,78,4.65,broken clouds
538,Slave Lake,CA,2021-05-25 20:58:05,55.2834,-114.769,51.78,46,1,6.91,clear sky
539,Gigmoto,PH,2021-05-25 20:58:05,13.7796,124.39,79.36,88,53,1.97,broken clouds
540,Dzhebariki-Khaya,RU,2021-05-25 20:58:06,62.2167,135.8,52.61,66,93,1.01,overcast clouds
541,Mandiana,GN,2021-05-25 20:58:06,10.6333,-8.6833,86.74,41,100,1.97,overcast clouds
542,Aswan,EG,2021-05-25 20:54:52,24.0934,32.907,87.01,11,0,10.4,clear sky
543,Yerbogachen,RU,2021-05-25 20:58:06,61.2767,108.0108,35.62,91,100,8.16,light rain
544,Katsuura,JP,2021-05-25 20:58:07,35.1333,140.3,67.19,76,96,7.92,overcast clouds
545,Nanortalik,GL,2021-05-25 20:53:58,60.1432,-45.2371,34.84,70,42,8.72,scattered clouds
546,Domoni,KM,2021-05-25 20:58:07,-12.2569,44.5319,76.05,77,52,8.79,broken clouds
547,Asau,RO,2021-05-25 20:58:08,46.4333,26.4,60.76,98,20,4.14,few clouds
548,Pingzhuang,CN,2021-05-25 20:58:08,42.0372,119.2889,56.26,59,100,1.16,overcast clouds
549,Beitbridge,ZW,2021-05-25 20:58:08,-22.2167,30.0,60.75,48,8,5.53,clear sky
550,Voyinka,UA,2021-05-25 20:58:09,45.8699,33.9914,60.17,86,57,3.29,broken clouds
551,Entre Rios,BR,2021-05-25 20:58:09,-11.9419,-38.0844,70.92,80,5,4.34,clear sky
552,Constantine,DZ,2021-05-25 20:58:09,36.365,6.6147,63.81,67,0,8.05,clear sky
553,Taoudenni,ML,2021-05-25 20:54:00,22.6783,-3.9836,102.15,13,71,14.43,broken clouds
554,Glens Falls,US,2021-05-25 20:58:10,43.3095,-73.644,81.93,55,95,1.99,overcast clouds
555,Bairiki,KI,2021-05-25 20:58:11,1.3292,172.9752,84.2,79,20,15.46,light rain
556,Petropavlovsk-Kamchatskiy,RU,2021-05-25 20:58:11,53.0452,158.6483,37.99,70,95,7.56,overcast clouds
557,High Rock,BS,2021-05-25 20:58:11,26.6208,-78.2833,82.42,67,0,13.38,clear sky
558,Pitimbu,BR,2021-05-25 20:58:12,-7.4706,-34.8086,81.19,79,25,9.82,scattered clouds
559,Prince Rupert,CA,2021-05-25 20:57:15,54.3161,-130.3201,48.29,84,75,3.44,light rain
560,Nemuro,JP,2021-05-25 20:58:12,43.3236,145.575,43.34,95,99,1.25,overcast clouds
561,Nalut,LY,2021-05-25 20:58:12,30.3333,10.85,77.25,42,42,18.32,scattered clouds
562,Fare,PF,2021-05-25 20:58:13,-16.7,-151.0167,80.91,71,90,10.16,overcast clouds
563,Dzaoudzi,YT,2021-05-25 20:58:13,-12.7887,45.2699,75.09,83,75,3.44,broken clouds
564,Itaituba,BR,2021-05-25 20:58:13,-4.2761,-55.9836,95.16,55,20,8.05,few clouds
565,Ucluelet,CA,2021-05-25 20:58:14,48.9329,-125.5528,67.95,80,74,1.99,broken clouds
566,Finschhafen,PG,2021-05-25 20:58:14,-6.6024,147.8681,79.41,83,100,8.77,overcast clouds
567,Barra Do Garcas,BR,2021-05-25 20:58:14,-15.89,-52.2567,90.18,40,0,2.42,clear sky
568,Juneau,US,2021-05-25 20:53:45,58.3019,-134.4197,59.85,76,100,4.16,overcast clouds
569,Koslan,RU,2021-05-25 20:58:15,63.4564,48.8989,37.81,97,100,7.4,overcast clouds
570,Fayetteville,US,2021-05-25 20:54:47,35.0527,-78.8784,91.89,54,20,1.99,few clouds
571,Saint-Joseph,RE,2021-05-25 20:58:15,-21.3667,55.6167,70.16,82,37,8.77,light rain
572,Challans,FR,2021-05-25 20:54:12,46.8436,-1.8749,55.96,75,88,17.07,overcast clouds
573,Alvinopolis,BR,2021-05-25 20:58:16,-20.1067,-43.0489,69.4,73,47,3.96,scattered clouds
574,Pundaguitan,PH,2021-05-25 20:58:16,6.3711,126.1689,80.85,76,100,3.91,overcast clouds
575,Iquique,CL,2021-05-25 20:53:29,-20.2208,-70.1431,62.64,67,56,7.52,broken clouds
576,Santander,ES,2021-05-25 20:58:17,43.4647,-3.8044,56.46,78,20,1.01,few clouds
577,Takoradi,GH,2021-05-25 20:58:17,4.8845,-1.7554,80.56,83,99,8.52,overcast clouds
578,Conakry,GN,2021-05-25 20:58:17,9.538,-13.6773,82.47,83,40,4.61,light rain
579,Henties Bay,NA,2021-05-25 20:58:18,-22.116,14.2845,64.85,75,0,10.85,clear sky
580,Podgornoye,RU,2021-05-25 20:58:18,51.735,39.1496,61.02,44,0,4.36,clear sky
581,Surt,LY,2021-05-25 20:55:27,31.2089,16.5887,71.56,76,2,7.96,clear sky
582,Dembi Dolo,ET,2021-05-25 20:58:19,8.5333,34.8,58.64,90,43,3.0,light rain
583,Ikirun,NG,2021-05-25 20:58:19,7.9167,4.6667,81.88,94,98,3.87,light rain
584,Oyama,JP,2021-05-25 20:58:19,36.3,139.8,69.58,35,88,7.14,overcast clouds
585,Najran,SA,2021-05-25 20:58:19,17.4924,44.1277,81.25,16,0,4.05,clear sky
586,North Bend,US,2021-05-25 20:58:20,43.4065,-124.2243,61.99,76,24,9.8,few clouds
587,Micheweni,TZ,2021-05-25 20:58:20,-4.9667,39.8333,77.4,71,100,14.97,overcast clouds
588,Hanyang,CN,2021-05-25 20:58:20,32.1371,105.5126,56.88,83,100,3.58,overcast clouds
589,Denpasar,ID,2021-05-25 20:58:21,-8.65,115.2167,80.26,89,40,9.15,scattered clouds
590,Puerto Carreno,CO,2021-05-25 20:58:21,6.189,-67.4859,80.94,78,95,8.99,overcast clouds
591,La Palma,US,2021-05-25 20:57:36,33.8464,-118.0467,97.93,45,40,7.0,scattered clouds
592,Kolokani,ML,2021-05-25 20:58:21,13.5728,-8.0339,89.98,35,91,0.96,overcast clouds
593,Okhotsk,RU,2021-05-25 20:58:22,59.3833,143.3,48.06,60,83,8.68,broken clouds
594,Husavik,IS,2021-05-25 20:57:14,66.0449,-17.3389,53.51,70,15,10.18,few clouds
595,Teseney,ER,2021-05-25 20:58:22,15.11,36.6575,94.19,11,60,4.0,broken clouds
596,Usinsk,RU,2021-05-25 20:54:29,65.9939,57.5281,34.3,62,100,15.19,overcast clouds
597,Buarcos,PT,2021-05-25 20:58:23,40.166,-8.8768,60.57,86,100,14.05,overcast clouds
598,Sovetskiy,RU,2021-05-25 20:58:23,61.3614,63.5842,55.54,64,100,3.87,overcast clouds
599,Novobiryusinskiy,RU,2021-05-25 20:58:23,56.9578,97.7076,37.65,76,100,2.44,overcast clouds
600,Saint-Francois,FR,2021-05-25 20:58:24,46.4154,3.9054,51.24,76,0,5.75,clear sky
601,Pochutla,MX,2021-05-25 20:58:24,15.7432,-96.4661,88.83,52,98,8.32,overcast clouds
602,Natal,BR,2021-05-25 20:58:24,-5.795,-35.2094,82.62,69,40,9.15,scattered clouds
603,Luanda,AO,2021-05-25 20:54:32,-8.8368,13.2343,78.8,83,0,11.5,clear sky
604,Watertown,US,2021-05-25 20:55:59,42.3709,-71.1828,83.57,49,26,7.0,scattered clouds
605,Sainte-Maxime,FR,2021-05-25 20:58:25,43.3,6.6333,65.32,40,0,7.81,clear sky
606,Kerema,PG,2021-05-25 20:58:25,-7.9631,145.7785,76.75,87,98,1.79,overcast clouds
607,Kibala,TD,2021-05-25 20:58:26,9.1104,18.3463,87.75,55,0,0.0,clear sky
608,Khani,GE,2021-05-25 20:58:26,41.9563,42.9566,53.17,97,82,1.48,broken clouds
609,Mareeba,AU,2021-05-25 20:58:26,-17.0,145.4333,65.12,94,78,2.39,broken clouds
610,Katherine,AU,2021-05-25 20:53:42,-14.4667,132.2667,66.52,88,6,6.33,clear sky
611,Komsomolskiy,UZ,2021-05-25 20:58:27,40.4272,71.7189,71.02,43,53,6.91,broken clouds
612,Samarai,PG,2021-05-25 20:58:27,-10.6167,150.6667,78.78,67,100,14.99,overcast clouds
613,Alice Springs,AU,2021-05-25 20:58:21,-23.7,133.8833,49.55,50,43,9.24,scattered clouds
614,Kokkola,FI,2021-05-25 20:58:27,63.8385,23.1307,48.36,80,0,7.38,clear sky
615,Victor Harbor,AU,2021-05-25 20:58:28,-35.5667,138.6167,57.29,61,57,14.99,broken clouds
616,Itoman,JP,2021-05-25 20:58:28,26.1247,127.6694,77.4,94,75,8.05,broken clouds
617,Boueni,YT,2021-05-25 20:58:28,-12.9025,45.0761,75.18,68,12,10.8,few clouds
618,Verkhnyaya Inta,RU,2021-05-25 20:55:12,65.9811,60.3094,36.25,83,100,14.52,overcast clouds
619,Kitimat,CA,2021-05-25 20:58:29,54.0524,-128.6534,59.38,59,54,1.99,broken clouds
620,Jackson,US,2021-05-25 20:54:24,42.4165,-122.8345,68.36,41,51,4.03,broken clouds
621,Grand-Santi,GF,2021-05-25 20:58:29,4.25,-54.3833,77.52,97,99,3.09,light rain
622,Cabedelo,BR,2021-05-25 20:58:30,-6.9811,-34.8339,81.27,81,33,10.76,scattered clouds
623,Aksarka,RU,2021-05-25 20:58:30,66.5606,67.7975,35.22,89,99,10.18,overcast clouds
624,Port Hawkesbury,CA,2021-05-25 20:58:30,45.6169,-61.3485,67.08,55,1,5.01,clear sky
625,Latung,PH,2021-05-25 20:58:31,5.5,120.8833,83.07,70,73,3.31,broken clouds
626,Shahrud,IR,2021-05-25 20:58:31,36.4182,54.9763,74.66,32,99,4.47,overcast clouds
627,Shar,KZ,2021-05-25 20:58:31,49.5886,81.0453,64.0,63,1,1.83,clear sky
628,Do Gonbadan,IR,2021-05-25 20:58:32,30.3586,50.7981,80.69,26,0,0.0,clear sky
629,Cradock,ZA,2021-05-25 20:58:32,-32.1642,25.6192,59.52,48,51,6.17,broken clouds
630,Ust-Tsilma,RU,2021-05-25 20:58:32,65.441,52.1498,36.45,58,100,9.62,overcast clouds
631,Ialibu,PG,2021-05-25 20:58:33,-6.2821,143.9935,56.84,98,100,1.19,overcast clouds
632,Broome,US,2021-05-25 20:58:33,42.2506,-75.833,80.65,64,93,8.01,overcast clouds
633,Breves,BR,2021-05-25 20:58:33,-1.6822,-50.4803,82.65,72,68,3.33,broken clouds
634,Biak,ID,2021-05-25 20:58:33,-0.9131,122.8766,76.39,82,83,5.26,broken clouds
635,Noumea,NC,2021-05-25 20:54:10,-22.2763,166.4572,70.0,99,68,12.82,broken clouds
636,Quatre Cocos,MU,2021-05-25 20:58:34,-20.2078,57.7625,75.31,76,22,10.0,few clouds
637,Guadalupe Y Calvo,MX,2021-05-25 20:58:34,26.1,-106.9667,77.52,9,39,12.48,scattered clouds
638,Berezovka,BY,2021-05-25 20:58:34,53.7214,25.4993,57.36,96,100,9.82,overcast clouds
639,Apatin,RS,2021-05-25 20:58:35,45.6711,18.9847,57.16,73,37,6.8,scattered clouds
640,Coahuayana,MX,2021-05-25 20:58:35,18.7333,-103.6833,91.72,39,5,8.25,clear sky
641,Santa Fe,AR,2021-05-25 20:58:35,-31.6333,-60.7,59.52,61,0,4.05,clear sky
642,Cayenne,GF,2021-05-25 20:58:36,4.9333,-52.3333,84.24,88,75,4.0,light rain
643,Mitu,CO,2021-05-25 20:58:36,1.1983,-70.1733,72.86,98,100,2.62,overcast clouds
644,Gamba,GA,2021-05-25 20:58:36,-2.65,10.0,77.65,93,42,5.95,light rain
645,Kutum,SD,2021-05-25 20:58:37,14.2,24.6667,82.2,21,95,5.66,overcast clouds
646,Kropotkin,RU,2021-05-25 20:58:37,45.4375,40.5756,58.08,90,81,2.33,broken clouds
647,Laguna,US,2021-05-25 20:58:37,38.421,-121.4238,84.9,31,0,4.0,clear sky
648,Sept-Iles,CA,2021-05-25 20:58:38,50.2001,-66.3821,54.12,87,75,1.01,broken clouds
649,Matara,LK,2021-05-25 20:58:38,5.9485,80.5353,79.97,78,97,16.62,overcast clouds
650,Purranque,CL,2021-05-25 20:58:38,-40.9167,-73.1667,51.13,97,100,5.88,overcast clouds
651,Numazu,JP,2021-05-25 20:58:39,35.1,138.8667,69.04,42,96,5.01,overcast clouds
652,Fortuna,US,2021-05-25 20:54:25,40.5982,-124.1573,70.2,70,90,7.0,overcast clouds
653,Visnes,NO,2021-05-25 20:58:39,59.3556,5.2242,57.22,58,20,10.36,few clouds
654,Abashiri,JP,2021-05-25 20:58:39,44.0213,144.2697,48.36,80,95,4.09,overcast clouds
655,Elat,IL,2021-05-25 20:58:40,29.5581,34.9482,84.04,34,0,17.27,clear sky
656,Burns Lake,CA,2021-05-25 20:58:40,54.2331,-125.7533,47.62,39,100,6.02,overcast clouds
657,Raudeberg,NO,2021-05-25 20:58:40,61.9875,5.1352,60.4,77,100,16.44,overcast clouds
658,Sao Joao Da Barra,BR,2021-05-25 20:58:41,-21.6403,-41.0511,73.49,68,52,10.65,broken clouds
659,Miri,MY,2021-05-25 20:58:41,4.4148,114.0089,77.14,94,20,4.05,few clouds
660,Punta Cardon,VE,2021-05-25 20:58:41,11.6581,-70.215,82.9,67,100,32.77,overcast clouds
661,Sechura,PE,2021-05-25 20:58:42,-5.5569,-80.8222,77.05,67,16,11.25,few clouds
662,Tarko-Sale,RU,2021-05-25 20:58:42,64.9225,77.785,37.4,54,92,8.5,overcast clouds
663,Yichun,CN,2021-05-25 20:58:42,47.7,128.9,41.38,56,62,1.25,broken clouds
664,Japura,ID,2021-05-25 20:58:43,-0.3167,102.35,74.3,98,77,1.79,broken clouds
665,Dourbali,TD,2021-05-25 20:58:43,11.8091,15.8632,89.4,11,24,6.46,few clouds
666,Puerto Baquerizo Moreno,EC,2021-05-25 20:58:43,-0.9,-89.6,79.79,74,20,14.97,few clouds
667,Mattru,SL,2021-05-25 20:58:44,7.6244,-11.8332,77.36,92,99,2.33,overcast clouds
668,Sayyan,YE,2021-05-25 20:58:44,15.1718,44.3244,66.4,31,2,1.3,clear sky
669,Weiser,US,2021-05-25 20:58:45,44.251,-116.9693,66.02,66,29,3.74,light rain
670,Scottsbluff,US,2021-05-25 20:58:45,41.8666,-103.6672,75.78,25,29,10.0,scattered clouds
671,Eenhana,NA,2021-05-25 20:58:45,-17.4667,16.3333,64.15,41,0,7.43,clear sky
672,Mountain Home,US,2021-05-25 20:58:46,43.133,-115.6912,64.81,100,90,20.38,moderate rain
